<?xml version="1.0" encoding="UTF-8"?>
<!DOCTYPE configuration
PUBLIC "-//mybatis.org//DTD Config 3.0//EN"
"http://mybatis.org/dtd/mybatis-3-config.dtd">
<configuration>
	<properties resource="db.properties"/>
	<typeAliases>
		<typeAlias type="kr.baeoom.pds.vo.PdsVO" alias="pds"/>
		<typeAlias type="kr.baeoom.pds.vo.FilesVO" alias="files"/>
	</typeAliases>
	<environments default="development">
		<environment id="development">
			<transactionManager type="JDBC" />
			<dataSource type="POOLED">
				<property name="driver" value="${db.driver}" />
				<property name="url" value="${db.url}" />
				<property name="username" value="${db.username}" />
				<property name="password" value="${db.password}" />
			</dataSource>
		</environment>
	</environments>
	<mappers>
		<mapper resource="mapper.xml" />
		<mapper resource="pdsMapper.xml" />
		<mapper resource="filesMapper.xml" />
	</mappers>
</configuration>