<?xml version="1.0" encoding="UTF-8" ?>
<!DOCTYPE mapper
PUBLIC "-//mybatis.org//DTD Mapper 3.0//EN"
"http://mybatis.org/dtd/mybatis-3-mapper.dtd">
<mapper namespace="files">
	<!--  몇번글의 파일 개수 구하기 -->
	<select id="getCount" resultType="int" parameterType="int">
		select count(*) from files where ref=#{ref} 
	</select>
	<!-- 몇번글의 파일 목록 -->
	<select id="selectByRefList" parameterType="int" resultType="files">
		select * from files where ref=#{ref} 
	</select>
	<!-- 저장하기 -->
	<insert id="insert" parameterType="files">
		insert into files
			(idx,ref,ofile,sfile)
		values
			(file_idx_seq.nextval,#{ref},#{oFile},#{sFile})
	</insert>
	
	<!-- 다운로드수 증가 -->
	<update id="incrementCount" parameterType="int">
		update files set count = count+1 where idx=#{idx}
	</update>
	
</mapper>