<?xml version="1.0" encoding="UTF-8" ?>
<!DOCTYPE mapper
PUBLIC "-//mybatis.org//DTD Mapper 3.0//EN"
"http://mybatis.org/dtd/mybatis-3-mapper.dtd">
<mapper namespace="pds">
	<!--  전체 개수 구하기 -->
	<select id="getCount" resultType="int">
		select count(*) from pds
	</select>
	<!-- 1페이지 분량의 레코드 받기 -->
	<select id="selectList" parameterType="java.util.HashMap" resultType="pds">
		select
			R.*
		from
			(select
				rownum rnum, Q.*
			 from
			 	pds Q
			 where	
			 	<![CDATA[
			    rownum <= #{endNo}
			    ]]> 
			 order by idx desc
			) R
		where
		 	<![CDATA[
			rnum >= #{startNo}
		    ]]> 
	</select>
	<!--  저장하기 -->
	<insert id="insert" parameterType="pds">
		insert into pds 
			(idx, name,password,subject,content,regdate)
		values
			(pds_idx_seq.nextval,#{name},#{password},#{subject},#{content},SYSDATE)
	</insert>
	<!-- 저장한 글의 idx값 얻기 -->
	<select id="getMaxIdx" resultType="int">
		SELECT max(idx) FROM pds
	</select>
	<!-- 글 1개 읽어오기 -->
	<select id="selectByIdx" parameterType="int" resultType="pds">
		select * from pds where idx=#{idx}
	</select>
	
	
</mapper>